{"cameraMode":{"drawMode":0,"name":"Shaded","section":"Shading Mode"},"sceneLighting":true,"audioPlay":false,"sceneViewState":{"showFog":true,"showMaterialUpdate":false,"showSkybox":false,"showFlares":true,"showImageEffects":true,"showParticleSystems":true},"in2DMode":false,"pivot":{"x":0.06319442391395569,"y":0.13003292679786683,"z":1.8180441856384278},"rotation":{"x":0.27583271265029909,"y":0.309428334236145,"z":-0.09429443627595902,"w":0.9051458239555359},"size":0.3473111391067505,"orthographic":false}